CALLS,,PUTS
,OI,CHNG IN OI,VOLUME,IV,LTP,CHNG,BID QTY,BID,ASK,ASK QTY,STRIKE,BID QTY,BID,ASK,ASK QTY,CHNG,LTP,IV,VOLUME,CHNG IN OI,OI,
,-,-,-,-,-,-,-,-,-,-,"22,850.00",150,27.05,73.00,150,-,-,-,-,-,-,
,-,-,-,-,-,-,-,-,-,-,"22,900.00",75,35.20,40.00,75,-4.90,35.10,18.44,37,29,34,
,-,-,-,-,-,-,-,-,-,-,"22,950.00",150,25.05,93.95,150,-,-,-,-,-,-,
,-,-,-,-,-,-,-,-,-,-,"23,000.00",75,36.45,46.00,75,-24.40,44.05,18.64,10,5,5,
,-,-,-,-,-,-,-,-,-,-,"23,050.00",150,30.05,113.95,150,-,-,-,-,-,-,
,-,-,-,-,-,-,-,-,-,-,"23,100.00",150,41.40,119.75,900,-,-,-,-,-,-,
,-,-,-,-,-,-,-,-,-,-,"23,150.00",150,30.05,129.95,150,-,-,-,-,-,-,
,-,-,-,-,-,-,-,-,-,-,"23,200.00",900,24.00,112.20,900,-,-,-,-,-,-,
,-,-,-,-,-,-,-,-,-,-,"23,250.00",150,28.05,158.25,150,-,-,-,-,-,-,
,-,-,-,-,-,-,-,-,-,-,"23,300.00",900,42.20,109.40,900,-48.10,59.00,17.62,2,1,1,
,-,-,-,-,-,-,-,-,-,-,"23,350.00",150,32.05,183.40,150,-,-,-,-,-,-,
,-,-,-,-,-,-,-,-,-,-,"23,400.00",900,34.05,153.10,900,-,-,-,-,-,-,
,-,-,-,-,-,-,-,-,-,-,"23,450.00",450,10.10,211.35,150,-,-,-,-,-,-,
,-,-,-,-,-,-,-,-,-,-,"23,500.00",75,80.15,84.30,75,-10.15,75.80,17.19,36,22,41,
,-,-,-,-,-,-,-,-,-,-,"23,550.00",450,10.10,242.35,150,-,-,-,-,-,-,
,-,-,-,-,-,-,-,-,-,-,"23,600.00",900,22.30,255.60,900,-,-,-,-,-,-,
,-,-,-,-,-,-,-,-,-,-,"23,650.00",300,15.30,276.55,150,-,-,-,-,-,-,
,-,-,-,-,-,-,-,-,-,-,"23,700.00",900,28.55,229.85,900,-,-,-,-,-,-,
,-,-,-,-,-,-,-,-,-,-,"23,750.00",900,42.25,311.30,900,-,-,-,-,-,-,
,-,-,-,-,-,-,-,-,-,-,"23,800.00",900,20.40,286.30,900,-,-,-,-,-,-,
,-,-,-,-,-,-,-,-,-,-,"23,850.00",900,21.35,342.90,900,-,-,-,-,-,-,
,-,-,-,-,-,-,-,-,-,-,"23,900.00",900,29.55,317.45,900,-,-,-,-,-,-,
,-,-,-,-,-,-,-,-,-,-,"23,950.00",900,50.40,332.70,900,-,-,-,-,-,-,
,-,-,-,-,-,-,-,-,-,-,"24,000.00",75,152.75,165.00,300,-9.70,152.50,16.72,88,32,63,
,-,-,-,-,-,-,-,-,-,-,"24,050.00",900,65.25,377.75,900,-,-,-,-,-,-,
,-,-,-,-,-,-,-,-,-,-,"24,100.00",900,38.05,450.85,900,-,-,-,-,-,-,
,-,-,-,-,-,-,-,-,-,-,"24,150.00",900,133.45,418.85,900,-,-,-,-,-,-,
,-,-,-,-,-,-,-,-,-,-,"24,200.00",150,199.50,524.45,900,-32.20,207.80,16.97,1,1,2,
,-,-,-,-,-,-,-,-,-,-,"24,250.00",900,84.50,540.15,600,-,225.00,-,-,-,8,
,-,-,-,-,-,-,-,-,-,-,"24,300.00",900,54.30,581.55,900,-,279.20,-,-,-,6,
,-,-,-,-,-,-,-,-,-,-,"24,350.00",-,-,-,-,-7.15,245.90,16.73,28,18,19,
,-,-,-,-,-,-,-,-,-,-,"24,400.00",-,-,281.05,150,23.95,256.95,16.54,27,-1,5,
,-,-,-,-,-,-,-,-,-,-,"24,450.00",-,-,660.80,900,-,289.05,-,-,-,5,
,9,-,20,14.28,707.10,-22.05,75,670.00,683.00,75,"24,500.00",150,292.45,305.25,75,17.50,291.15,16.55,120,-46,125,
,-,-,-,-,-,-,"1,800",165.10,-,-,"24,550.00",900,93.70,739.10,900,-,-,-,-,-,-,
,4,4,6,13.38,617.75,-51.85,150,588.05,628.10,75,"24,600.00",150,321.90,349.20,300,-16.00,335.00,16.78,11,2,16,
,-,-,-,-,-,-,"1,800",150.10,"1,125.60",300,"24,650.00",300,127.35,807.35,300,-,397.30,-,-,-,1,
,9,5,31,13.34,555.00,-18.00,300,537.10,567.95,75,"24,700.00",150,124.75,380.00,600,-48.30,366.55,16.48,32,8,8,
,3,3,3,13.01,516.00,-90.05,150,172.50,602.55,75,"24,750.00",300,82.10,409.05,150,15.40,380.00,16.22,2,-,15,
,19,5,31,13.96,515.60,-17.10,75,487.60,507.65,75,"24,800.00",150,404.15,428.60,75,21.20,416.20,16.70,85,24,55,
,6,2,10,13.43,472.45,-106.15,300,125.60,494.05,75,"24,850.00",300,425.00,457.05,75,-193.45,415.00,15.89,2,1,1,
,20,3,24,13.59,451.00,-5.70,300,433.35,456.10,150,"24,900.00",150,451.55,470.00,75,13.40,453.40,16.39,17,7,17,
,1,-,-,-,434.85,-,75,405.00,442.05,300,"24,950.00",300,179.40,517.45,300,-,481.60,-,-,-,1,
,167,14,108,13.61,401.50,-39.15,75,390.85,400.00,300,"25,000.00",300,504.85,520.95,300,39.10,513.85,16.75,262,63,222,
,2,1,1,13.97,388.95,-161.05,"1,800",40.10,391.05,150,"25,050.00",300,511.85,-,-,-,-,-,-,-,-,
,8,2,21,13.58,354.45,-25.10,300,161.75,370.75,300,"25,100.00",75,484.95,592.75,300,22.45,552.45,16.29,6,1,7,
,-,-,-,-,-,-,900,38.00,347.35,300,"25,150.00",-,-,-,-,-,-,-,-,-,-,
,25,1,35,13.57,311.80,-29.95,900,179.50,324.05,75,"25,200.00",-,-,-,-,-,-,-,-,-,-,
,1,-,-,-,444.95,-,900,24.85,301.25,150,"25,250.00",-,-,-,-,-,-,-,-,-,-,
,1,-,-,-,288.00,-,900,25.25,281.80,150,"25,300.00",-,-,-,-,-,-,-,-,-,-,
,-,-,-,-,-,-,900,28.85,269.60,900,"25,350.00",-,-,-,-,-,-,-,-,-,-,
,1,-,-,-,306.00,-,900,15.40,249.35,900,"25,400.00",-,-,-,-,-,-,-,-,-,-,
,2,-,-,-,370.90,-,900,50.70,239.30,900,"25,450.00",-,-,-,-,-,-,-,-,-,-,
,25,25,148,13.52,205.10,-101.30,75,199.20,204.50,375,"25,500.00",-,-,-,-,-,-,-,-,-,-,
,2,-,-,-,367.00,-,900,10.45,206.85,900,"25,550.00",-,-,-,-,-,-,-,-,-,-,
,11,11,70,13.58,178.30,-98.60,900,10.65,192.65,75,"25,600.00",-,-,-,-,-,-,-,-,-,-,
,33,-,-,-,219.60,-,900,60.25,493.40,900,"25,650.00",-,-,-,-,-,-,-,-,-,-,
,2,-,-,-,166.60,-,450,23.60,162.80,75,"25,700.00",-,-,-,-,-,-,-,-,-,-,
,11,1,2,13.95,149.95,-0.05,900,11.10,149.90,75,"25,750.00",-,-,-,-,-,-,-,-,-,-,
,10,-,-,-,194.00,-,900,107.25,141.00,75,"25,800.00",-,-,-,-,-,-,-,-,-,-,
,1,-,1,13.62,121.10,18.15,900,44.50,287.55,900,"25,850.00",-,-,-,-,-,-,-,-,-,-,
,3,1,2,13.79,115.05,-24.95,900,31.80,133.90,900,"25,900.00",-,-,-,-,-,-,-,-,-,-,
,-,-,-,-,-,-,900,60.30,357.45,900,"25,950.00",-,-,-,-,-,-,-,-,-,-,
,108,33,157,13.56,93.05,-14.45,150,90.10,106.60,75,"26,000.00",-,-,-,-,-,-,-,-,-,-,
,-,-,-,-,-,-,900,26.50,138.55,900,"26,050.00",-,-,-,-,-,-,-,-,-,-,
,-,-,-,-,-,-,900,16.75,121.15,900,"26,100.00",-,-,-,-,-,-,-,-,-,-,
,-,-,-,-,-,-,300,15.25,139.00,450,"26,150.00",-,-,-,-,-,-,-,-,-,-,
,-,-,-,-,-,-,900,51.35,157.75,825,"26,200.00",-,-,-,-,-,-,-,-,-,-,
,-,-,-,-,-,-,150,22.05,130.00,450,"26,250.00",-,-,-,-,-,-,-,-,-,-,
,-,-,-,-,-,-,900,40.50,109.00,900,"26,300.00",-,-,-,-,-,-,-,-,-,-,
,-,-,-,-,-,-,150,24.05,119.00,450,"26,350.00",-,-,-,-,-,-,-,-,-,-,
,-,-,-,-,-,-,900,26.20,137.00,600,"26,400.00",-,-,-,-,-,-,-,-,-,-,
,7,2,4,13.35,38.00,-13.25,225,39.90,68.00,450,"26,450.00",-,-,-,-,-,-,-,-,-,-,
,66,-15,77,13.60,37.00,-5.00,75,32.95,37.00,75,"26,500.00",-,-,-,-,-,-,-,-,-,-,
,8,-,-,-,68.35,-,150,15.55,46.65,300,"26,550.00",-,-,-,-,-,-,-,-,-,-,
,1,-,-,-,48.30,-,225,19.75,37.20,75,"26,600.00",-,-,-,-,-,-,-,-,-,-,
,1,-,-,-,46.00,-,150,17.05,40.45,300,"26,650.00",-,-,-,-,-,-,-,-,-,-,
,-,-,-,-,-,-,300,18.00,37.40,150,"26,700.00",-,-,-,-,-,-,-,-,-,-,
,24,3,14,13.46,21.00,-5.90,300,22.05,27.00,75,"26,750.00",-,-,-,-,-,-,-,-,-,-,
